DOCUMENT PURPOSE,"This test plan provides a structured validation framework for confirming Teleport readiness across critical access modes, security primitives, and operational failover scenarios. Each tab contains a specific validation area and can be used jointly or independently with others as needed."
AUDIENCE,"This guide is designed for infrastructure, security, and DevOps engineers validating Teleport pre production-deployment. It assumes working knowledge of Kubernetes, SSH, PKI, and Teleport architecture. "
HOW TO USE THIS SHEET,"- Review each tab corresponding to your deployment scenario and need. 
- Follow Instructions to execute each test case. 
- Validate against Success Criteria. 
- Mark STATUS as PASS or FAIL and leave optional COMMENTS for notes or deviations."
TEST AREAS COVERED,"- SSH Access & Load Testing Validation
- Kubernetes Access & Load Testing Validation
- Database Access & Load Testing Validation
- Desktop Access & Load Testing Validation
- Web UI Access & Load Testing Validation
- CA Rotation Validation
- HSM PKI Validation
- Audit & Session Recording Validation
- Auth Heartbeat Stress & Load Testing Validation
- Failover Behavior (Single Region) Validation "
SPECIAL INSTRUCTIONS,"Individual tabs may include optional notes or additional instructions depending on complexity and need for clarification. For example: 

Backend Pressure Testing
If you need to simulate thousands of nodes, we recommend using Docker Swarm to scale node replicas. 
Steps: 
 1. Install Docker
2. Run docker swarm init
3. Use the command below to spin up Teleport nodes...etc"
,
,
,
Assessment Start Date:,
Assessment End Date:,
Approval Parties:,
Test Owner(s):,